download,upload,ping
85620230.42623743,22299545.808078304,86.724
81666411.34109774,28337064.691203963,88.083
74683872.6742456,22301917.16299324,99.713
